Ring ID,RSU
RRFFRRBBLLFFLLBB,0.08506266479823893
RRFFLLBBRRFFLLBB,0.09492992158800019
RRFFLLFFRRFFLLFF,0.09580461897718956
RRFFLLFBLLFFRRBF,0.10051972219023333
RLFBRLBFRLFBRLBF,0.18999546409517865
RLFBLRBBLRBBLRBF,0.21634366540941632
RRFBLRBFLLBFLRFB,0.22342869849591174
RRFFRLFFLLBBRLBB,0.2243113444155949
RLFFLRFFRLFBRLBF,0.22473554275114085
RRFBLRBFLLBBRLBB,0.24233878977416493
