Ring ID,RSU
RLFFRLFFRLFF,0.2200836694739778
RLFFRLFBLRBF,0.2286047574775372
RRFFLRFFLRFB,0.31561419969461346
RLFFRLFFLRFF,0.34966070956492007
RRFFRLFFLRFB,0.362497906248679
RRFFRRBFRRFB,0.41065380662404777
RRFFRLFFLLBB,0.417145761743269
RRFFRLFFRRFB,0.4363457817169068
RRFFLRFFLLBB,0.4371417616990061
RRFFRRFFLRFB,0.4490971064253184
