Ring ID,RSU
RRFFLLBBRRFFLLBB,0.010227589913371797
RRFFLLFBLLFFRRBF,0.041206369953128416
RRFFLLFFRRFFLLFF,0.04424941176412797
RRFFRRBBLLFFLLBB,0.058464005143965735
RLFBRLBFRLFBRLBF,0.14333242720959394
RLFBLRBFRLFBLRBF,0.21856310403338425
RRFBRRFBRLBFRRBF,0.23443216305156983
RRFFRLFBRLBFLRFB,0.2526691004748404
RRFFRLFFRRBFRRFB,0.26256392074367024
RRFFRLFBRLBFLLBB,0.2669562807098672
