theta,rsu
0,0.24335086695707264
1,0.2260149067022579
2,0.20886919913443716
3,0.191918713465936
4,0.17516819076163634
5,0.1586221430092041
6,0.14228485246399072
7,0.12616037126791232
8,0.1102525213413153
9,0.09456489454647767
10,0.07910085312108243
11,0.06386353037967074
12,0.04885583168075858
13,0.034080435656978283
14,0.0195397957052973
15,0.005236141734047652
16,0.008828517836802243
17,0.02265239382601217
18,0.036233913796235924
19,0.049571719318457975
20,0.0626646630004472
21,0.07551180528425765
22,0.08811241101807976
23,0.10046594580801622
24,0.11257207215559917
25,0.12443064538714482
26,0.1360417093812584
27,0.1474054921010556
28,0.15852240093788753
29,0.1693930178735745
30,0.18001809446836595
31,0.19039854668204603
32,0.2005354495357873
33,0.21043003162254917
34,0.2200836694739778
35,0.22949788179193156
36,0.23867432355290955
37,0.24761477999379078
38,0.256321160487439
39,0.26479549231682914
40,0.2730399143564736
41,0.2810566706700189
42,0.28884810403296346
43,0.29641664938953916
44,0.3037648272528402
45,0.31089523705735705
46,0.31781055047309553
47,0.3245135046905056
48,0.3310068956854499
49,0.33729357147345723
50,0.34337642536249285
51,0.3492583892134693
52,0.3549424267176817
53,0.36043152670032397
54,0.36572869645918193
55,0.3708369551475356
56,0.37575932721023775
57,0.38049883588184225
58,0.3850584967555597
59,0.38944131143171906
60,0.39365026125427865
61,0.39768830114382475
62,0.4015583535353322
63,0.40526330242882613
64,0.4088059875609269
65,0.4121891987050756
66,0.41541567010807084
67,0.4184880750703565
68,0.4214090206772933
69,0.42418104268845536
70,0.42680660059175785
71,0.4292880728290125
72,0.43162775219927113
73,0.4338278414460702
74,0.43589044903444635
75,0.43781758512334235
76,0.4396111577387494
77,0.44127296915266817
78,0.44280471247269904
79,0.4442079684467826
80,0.44548420248732873
81,0.4466347619186854
82,0.4476608734515835
83,0.44856364088791795
84,0.4493440430588959
85,0.45000293199928204
86,0.45054103136017015
87,0.45095893506236107
88,0.4512571061921546
89,0.45143587614099184
90,0.45149544399010827
