Theta,Ring ID,RSU
0,RLBBRLBB,1.0325318635406309
10,RRFFLLFF,0.9234473576743931
20,RLFFRLFF,0.8176773293194773
30,RLFFRLFF,0.7184355472652311
40,RLFFRLFF,0.6287374228406081
50,RRFFLLFF,0.5513083881668088
60,RLFFRLFF,0.4885010852814151
70,RLFFRLFF,0.4422238823005709
80,RLFFRLFF,0.4138828886194544
90,RLFFLRFF,0.4043392309898314
